name,sq_km
Texas,684969.010365196
Kentucky,104576.978495555
Alaska,1505330.45644137
